﻿"Country code",Country,"Case & death data by sex?","Cases date","Cases where sex-disaggregated data is available","Cases (% male)","Cases (% female)","Deaths date","Deaths where sex-disaggregated data is available","Deaths (% male)","Deaths (% female)","Deaths in confirmed cases date","Proportion of deaths in confirmed cases (male)","Proportion of deaths in confirmed cases (female)","Proportion of deaths in confirmed cases (Male:female ratio)",Source
AF,Afghanistan,Yes,2021/09/21,122400,59%,41%,2021/09/21,3888,65%,35%,2021/09/21,4%,3%,1.31,http://covid.moph-dw.org/#/
AL,Albania,Yes,2021/09/10,164276,48%,52%,2021/09/10,2594,67%,33%,2021/09/10,2%,1%,2.2,https://coronavirus.al/statistika/
DZ,Algeria,Partial,2021/05/20,126156,54%,46%,,,,,,,,,https://corona-dz.live/
AD,Andorra,No,,,,,,,,,,,,,https://www.govern.ad/coronavirus
AO,Angola,No,,,,,,,,,,,,,https://www.cisp.gov.ao:10443/en/#_estatisticas
AG,"Antigua and Barbuda",No,,,,,,,,,,,,,https://covid19.gov.ag/
AR,Argentina,Yes,2021/09/22,5202330,49%,51%,2021/09/21,112361,58%,42%,2021/09/21,3%,2%,1.42,https://www.argentina.gob.ar/salud/coronavirus-COVID-19/sala-situacion
AM,Armenia,Partial,,,,,2020/10/28,1243,53%,47%,,,,,https://ncdc.am/coronavirus/confirmed-cases-by-days/
AW,Aruba,No,,,,,,,,,,,,,https://www.arubacovid19.org/
AU,Australia,Yes,2021/09/22,91832,52%,48%,2021/09/22,1200,51%,49%,2021/09/22,1%,1%,0.96,https://www.health.gov.au/news/health-alerts/novel-coronavirus-2019-ncov-health-alert/coronavirus-covid-19-current-situation-and-case-numbers
AT,Austria,Yes,2021/09/23,726873,49%,51%,2021/09/23,10716,53%,47%,2021/09/23,2%,1%,1.18,https://www.sozialministerium.at/Informationen-zum-Coronavirus/Neuartiges-Coronavirus-(2019-nCov).html
AZ,Azerbaijan,Partial,2021/09/06,445278,49%,51%,,,,,,,,,https://koronavirusinfo.az/az/page/statistika/azerbaycanda-cari-veziyyet
BS,Bahamas,No,,,,,,,,,,,,,https://www.bahamas.gov.bs/wps/wcm/connect/383f28cb-997c-43f0-ac3b-41bcf1223650/Update+%23419+-+Ministry+of+Health+-+COVID-19+Report+%2875%29.pdf?MOD=AJPERES
BH,Bahrain,Partial,2020/07/06,6081,88%,12%,,,,,,,,,https://www.moh.gov.bh/
BD,Bangladesh,Yes,2021/09/21,1544238,71%,29%,2021/09/21,27251,77%,23%,2021/09/21,2%,1%,1.37,https://covid19bd.idare.io/
BB,Barbados,Yes,2021/09/23,7065,50%,50%,2021/02/02,13,62%,38%,2021/02/02,1%,1%,1.12,https://gisbarbados.gov.bb/blog/covid-19-update-no-new-cases-12-in-isolation/
BY,Belarus,No,,,,,,,,,,,,,http://stopcovid.belta.by/
BE,Belgium,Yes,2021/09/20,1223766,47%,53%,2021/09/21,25499,51%,49%,2021/09/21,2%,2%,1.17,https://epistat.wiv-isp.be/Covid/covid-19.html
BZ,Belize,Yes,2021/09/20,18902,51%,49%,2021/09/20,395,64%,36%,2021/09/20,3%,2%,1.7,https://www.facebook.com/Belizehealth/
BJ,Benin,No,,,,,,,,,,,,,https://www.gouv.bj/coronavirus/flashinfos/
BM,Bermuda,Yes,2021/08/12,2663,45%,55%,2021/09/22,45,56%,44%,2021/08/12,1%,1%,1.38,https://app.powerbi.com/view?r=eyJrIjoiYTVjY2MyY2YtZmEzNy00NDhjLWJkMjEtNGFjMjM0MmFmOWFmIiwidCI6IjAzNTQ4YjRhLTRmNjQtNDc0Ny1iNDdjLTcwODY5ZDE2NWMzZCIsImMiOjF9
BT,Bhutan,Yes,2021/09/20,2597,61%,39%,2021/09/20,3,67%,33%,2021/09/20,,,1.26,https://www.facebook.com/MoHBhutan
BO,Bolivia,No,,,,,,,,,,,,,https://www.boliviasegura.gob.bo/
BQ,Bonaire,No,,,,,,,,,,,,,https://www.bonairecrisis.com/en/
BA,"Bosnia and Herzegovina",Yes,2021/09/21,148518,52%,48%,2021/09/21,5730,61%,39%,2021/09/21,5%,3%,1.46,https://covid-19.ba/
BW,Botswana,Partial,2020/07/17,48,83%,17%,2020/09/28,15,40%,60%,,,,,https://covid19portal.gov.bw/data-dashboard?v=202005211151
BR,Brazil,Yes,2020/12/19,565465,56%,44%,2021/09/11,534119,56%,44%,2020/12/19,33%,31%,1.06,https://www.gov.br/saude/pt-br/media/pdf/2021/julho/16/boletim_epidemiologico_covid_71.pdf
BN,"Brunei Darussalam",No,,,,,,,,,,,,,http://www.moh.gov.bn/SitePages/COVID-19.aspx
BG,Bulgaria,Partial,2020/05/25,2443,49%,51%,,,,,,,,,https://coronavirus.bg/bg/news/424
BF,"Burkina Faso",Yes,2021/09/20,14052,63%,37%,2020/08/25,55,75%,25%,2020/08/25,5%,3%,1.54,https://lefaso.net/spip.php?article106911
BI,Burundi,No,,,,,,,,,,,,,https://covid19.who.int/region/afro/country/bi
CV,"Cabo Verde",Yes,2021/09/20,36924,47%,53%,2021/07/11,286,48%,52%,2020/12/27,1%,1%,1.53,https://covid19.cv/
KH,Cambodia,Yes,2021/05/03,15351,43%,57%,2021/05/03,106,57%,43%,2021/05/03,1%,1%,1.76,https://www.who.int/docs/default-source/wpro---documents/countries/cambodia/covid-19/covid-19-joint-who-moh-sitrep-63.pdf?sfvrsn=6178a0a2_5
CM,Cameroon,No,,,,,,,,,,,,,https://covid19.who.int/region/afro/country/cm
CA,Canada,Yes,2021/09/16,1552308,50%,50%,2021/09/16,27180,51%,49%,2021/09/16,2%,2%,1.03,https://health-infobase.canada.ca/covid-19/epidemiological-summary-covid-19-cases.html#a7
KY,"Cayman Islands",Partial,2020/12/16,302,53%,47%,,,,,,,,,https://www.exploregov.ky/coronavirus-statistics
CF,"Central African Republic",Partial,2021/05/16,7010,68%,32%,,,,,,,,,https://covid19.who.int/region/afro/country/cf
TD,Chad,Yes,2021/07/17,3697,69%,31%,2021/05/16,114,79%,21%,2021/05/16,4%,3%,1.4,https://www.humanitarianresponse.info/sites/www.humanitarianresponse.info/files/documents/files/sitrep_covid-19_n435_du_14-16_juillet_2021.pdf
CL,Chile,Yes,2021/09/22,1964150,50%,50%,2020/05/07,294,60%,40%,2020/05/07,1%,1%,1.32,https://www.gob.cl/coronavirus/cifrasoficiales/
CN,China,Yes,2020/02/28,55924,51%,49%,2020/02/28,2114,64%,36%,2020/02/28,5%,3%,1.68,http://en.nhc.gov.cn/2021-09/22/c_84646.htm
CO,Colombia,Yes,2021/09/20,4942249,48%,52%,2021/09/20,125924,61%,39%,2021/09/20,3%,2%,1.73,https://www.ins.gov.co/Noticias/Paginas/Coronavirus.aspx
KM,Comoros,No,,,,,,,,,,,,,https://stopcoronavirus.km/
CG,Congo,Partial,2020/11/15,5632,72%,28%,,,,,,,,,http://sante.gouv.cg/wp-content/uploads/2020/11/SITREP-N-111-COVID-19-CONGO-16-11-2020-1.pdf
CR,"Costa Rica",Yes,2021/09/21,521182,50%,50%,2021/09/21,6098,61%,39%,2021/09/21,1%,1%,1.56,https://www.ministeriodesalud.go.cr/index.php/centro-de-prensa/noticias/741-noticias-2020/1725-situacion-nacional-covid-19
CI,"Cote d'Ivoire",No,,,,,,,,,,,,,https://web.facebook.com/mshpcmu/
HR,Croatia,Partial,2021/09/19,392248,47%,53%,,,,,,,,,https://koronavirus.hr/podaci/489
CU,Cuba,Partial,2020/12/13,9492,53%,47%,2021/07/17,1906,57%,43%,,,,,https://covid19cubadata.github.io/#cuba
CW,Curaçao,No,,,,,,,,,,,,,https://gobiernu.cw/corona-virus-nieuws/djasabra-12-di-yuni-2021-ultimo-desaroyo/
CY,Cyprus,Partial,2021/09/21,117926,50%,50%,,,,,,,,,https://covid19.ucy.ac.cy/
CZ,"Czech Republic",Yes,2021/09/21,1665737,49%,51%,2021/09/15,30417,57%,43%,2021/07/19,2%,2%,1.43,https://onemocneni-aktualne.mzcr.cz/api/v2/covid-19
CD,DRC,No,,,,,,,,,,,,,https://www.stopcoronavirusrdc.info/
KP,"Dem. People's Republic of Korea",No,,,,,,,,,,,,,
DK,Denmark,Yes,2021/09/21,355603,50%,50%,2021/09/21,2633,54%,46%,2021/09/21,1%,1%,1.19,https://covid19.ssi.dk/
DJ,Djibouti,Partial,2020/06/02,3779,68%,32%,,,,,,,,,https://covid19.gouv.dj/
DM,Dominica,No,,,,,,,,,,,,,http://dominica.gov.dm/corona
DO,"Dominican Republic",Yes,2020/08/28,93732,51%,49%,2020/08/30,1710,66%,34%,2020/08/28,2%,1%,1.88,https://www.msp.gob.do/web/?page_id=6948#1586785071781-f0e8c057-f5f4
EC,Ecuador,Yes,2021/07/25,474212,51%,49%,2021/07/25,30569,53%,47%,2021/07/25,7%,6%,1.07,https://public.tableau.com/profile/direcci.n.nacional.de.vigilancia.epidemiol.gica.msp#!/vizhome/COVID19ecu_MSP_DNVE/COVID-19MSP
EG,Egypt,No,,,,,,,,,,,,,https://www.facebook.com/100069036705848/posts/113369300974293/?d=n
SV,"El Salvador",Partial,2021/09/22,102024,50%,50%,,,,,,,,,https://covid19.gob.sv/
,England,Yes,2021/09/23,6646405,48%,52%,2021/09/23,158152,56%,44%,2021/09/23,3%,2%,1.39,https://coronavirus.data.gov.uk/
GQ,"Equatorial Guinea",Yes,2021/09/15,11063,58%,42%,2021/06/07,113,67%,33%,2021/06/07,2%,1%,1.47,https://guineasalud.org/estadisticas/
ER,Eritrea,No,,,,,,,,,,,,,https://shabait.com/2021/09/20/announcement-from-the-ministry-of-health-283/
EE,Estonia,Yes,2021/09/20,149097,46%,54%,2021/09/13,1313,52%,48%,2021/06/14,1%,1%,1.24,https://www.terviseamet.ee/et/koroonaviirus/avaandmed
SZ,Eswatini,Yes,2021/04/18,18417,48%,52%,2021/04/20,671,52%,48%,2021/04/20,4%,3%,1.14,https://twitter.com/EswatiniGovern1/status/1440375133760208904
ET,Ethiopia,Partial,2020/06/29,5846,61%,39%,,,,,,,,,https://twitter.com/FMoHealth
FO,"Faroe Islands",Partial,2021/09/21,944,54%,46%,,,,,,,,,https://corona.fo/statistics?_l=en
FJ,Fiji,No,,,,,,,,,,,,,https://www.health.gov.fj/22-09-2021/
FI,Finland,Yes,2021/09/21,137117,53%,47%,2021/09/21,1059,54%,46%,2021/09/21,1%,1%,1.04,https://sampo.thl.fi/pivot/prod/en/epirapo/covid19case/fact_epirapo_covid19case?row=sex-444328&column=measure-141082
FR,France,Yes,2021/09/18,6737561,47%,53%,2021/09/16,88518,58%,42%,2021/09/16,2%,1%,1.55,https://dc-covid.site.ined.fr/en/data/france/
PF,"French Polynesia",Partial,2020/10/04,2228,49%,51%,2020/09/29,7,43%,57%,,,,,https://www.service-public.pf/
GA,Gabon,Partial,2020/08/26,8409,40%,60%,,,,,,,,,https://infocovid.ga/cartographie-epidemiologique/
GM,Gambia,Partial,2021/09/19,9775,59%,41%,,,,,,,,,http://www.moh.gov.gm/covid-19-report/
GE,Georgia,No,,,,,,,,,,,,,https://stopcov.ge/en/
DE,Germany,Yes,2021/09/20,4126341,49%,51%,2021/09/20,92919,53%,47%,2021/09/20,2%,2%,1.17,https://www.rki.de/DE/Content/InfAZ/N/Neuartiges_Coronavirus/Situationsberichte/Gesamt.html
GH,Ghana,Partial,2021/09/21,124309,58%,42%,,,,,,,,,https://www.ghs.gov.gh/covid19/dashboardm.php
GI,Gibraltar,Partial,,,,,2021/01/06,10,80%,20%,,,,,https://www.gibraltar.gov.gi/covid19
GR,Greece,Yes,2021/09/22,634298,51%,49%,2021/09/22,14575,57%,43%,2021/09/22,3%,2%,1.27,https://eody.gov.gr/wp-content/uploads/2021/09/covid-gr-daily-report-202109222.pdf
GL,Greenland,No,,,,,,,,,,,,,https://corona.nun.gl/da/briefings/2021-09-21/
GD,Grenada,No,,,,,,,,,,,,,https://www.facebook.com/HealthGrenada/
GT,Guatemala,Yes,2021/09/20,531650,51%,49%,2021/09/20,13115,66%,34%,2021/09/20,3%,2%,1.88,https://tablerocovid.mspas.gob.gt/
GG,Guernsey,Partial,2020/05/11,252,37%,63%,2021/02/03,13,38%,62%,,,,,https://covid19.gov.gg/test-results
GN,Guinea,Partial,2021/03/23,20267,66%,34%,,,,,,,,,https://anss-guinee.org/assets/document/DOC_16165721061937744675605aeeca842f2.pdf
GW,Guinea-Bissau,Yes,2021/06/20,3825,60%,40%,2021/06/20,69,70%,30%,2021/06/20,2%,1%,1.5,https://www.facebook.com/accovid19/photos/a.105509574542948/386901643070405
GY,Guyana,Partial,2021/09/20,29647,48%,52%,,,,,,,,,https://www.health.gov.gy/
HT,Haiti,Yes,2021/09/15,116433,54%,46%,2021/06/12,361,57%,43%,2021/06/12,2%,2%,1.1,https://mspp.gouv.ht/site/downloads/Sitrep%20COVID-19_15-09-2021.pdf
HN,Honduras,Partial,2020/09/14,67789,52%,48%,,,,,,,,,https://covid19honduras.org/
HK,"Hong Kong",Yes,2021/09/20,12166,48%,52%,2021/09/20,213,59%,41%,2021/09/20,2%,1%,1.57,https://www.chp.gov.hk/files/pdf/local_situation_covid19_en.pdf
HU,Hungary,Partial,,,,,2021/09/21,30141,51%,49%,,,,,https://koronavirus.gov.hu/elhunytak
IS,Iceland,Partial,2020/06/21,1823,50%,50%,,,,,,,,,https://www.covid.is/data
IN,India,Yes,2021/05/18,24766088,61%,39%,2020/05/21,3711,64%,36%,2020/04/06,3%,3%,0.85,https://ncdc.gov.in/dashboard.php
ID,Indonesia,Yes,2021/09/21,4195958,49%,51%,2021/09/21,140805,52%,48%,2021/09/21,4%,3%,1.16,https://covid19.go.id/peta-sebaran
IR,Iran,Yes,2020/03/17,14991,57%,43%,2020/03/17,853,59%,41%,2020/03/17,6%,5%,1.09,http://corona.behdasht.gov.ir/
IQ,Iraq,Yes,2021/09/20,1978412,61%,39%,2021/09/20,21869,58%,42%,2021/09/20,1%,1%,0.87,https://app.powerbi.com/view?r=eyJrIjoiNjljMDhiYmItZTlhMS00MDlhLTg3MjItMDNmM2FhNzE5NmM4IiwidCI6ImY2MTBjMGI3LWJkMjQtNGIzOS04MTBiLTNkYzI4MGFmYjU5MCIsImMiOjh9
IM,"Isle of Man",Partial,2021/09/20,7208,51%,49%,,,,,,,,,https://covid19.gov.im/general-information/latest-updates/
IL,Israel,Yes,2021/09/20,1219265,48%,52%,2021/09/20,7555,56%,44%,2021/09/20,1%,1%,1.42,https://datadashboard.health.gov.il/COVID-19/?utm_source=go.gov.il&utm_medium=referral
IT,Italy,Yes,2021/09/15,4616789,49%,51%,2021/09/15,129558,56%,44%,2021/09/15,3%,2%,1.35,https://www.epicentro.iss.it/coronavirus/bollettino/Bollettino-sorveglianza-integrata-COVID-19_15-settembre-2021.pdf
JM,Jamaica,Yes,2021/09/21,81828,43%,57%,2021/09/20,1772,52%,48%,2021/09/20,3%,2%,1.42,https://jamcovid19.moh.gov.jm/
JP,Japan,Partial,2020/06/22,17301,55%,45%,2021/09/21,13522,58%,42%,,,,,http://www.ipss.go.jp/projects/j/choju/covid19/index-en.asp
JE,Jersey,Yes,2021/09/23,9885,51%,49%,2021/09/23,78,62%,38%,2021/09/23,1%,1%,1.56,https://www.gov.je/Health/Coronavirus/Pages/CoronavirusCases.aspx
JO,Jordan,Yes,2021/09/22,764998,50%,50%,2021/09/22,10637,60%,40%,2021/09/22,2%,1%,1.52,https://corona.moh.gov.jo/en
KZ,Kazakhstan,Partial,2020/06/08,9452,61%,39%,,,,,,,,,https://hls.kz/
KE,Kenya,Yes,2021/09/19,245680,58%,42%,2021/09/19,4993,65%,35%,2021/09/19,2%,2%,1.32,https://khro.health.go.ke/#/covid_19_tracker
XK,Kosovo,Yes,2021/09/21,159488,47%,53%,2021/09/21,2917,59%,41%,2021/09/21,2%,1%,1.62,https://datastudio.google.com/embed/u/0/reporting/2e546d77-8f7b-4c35-8502-38533aa0e9e8/page/MT0qB?fbclid=IwAR3C97UwPQY2X9XPnwrPj6Ks_tjneu9e_XY3kWf9SXgPU19GT3hXjVllWSg
KW,Kuwait,No,,,,,,,,,,,,,https://corona.e.gov.kw/en
KG,Kyrgyzstan,Yes,2020/07/16,12498,47%,53%,2020/07/16,155,62%,38%,2020/07/16,2%,1%,1.83,http://www.med.kg/en/informatsii-2/2095-statistics-on-covid-19-in-kyrgyzstan-as-of-july-6-2020.html
LA,"Lao People's Democratic Republic",No,,,,,,,,,,,,,https://www.covid19.gov.la/index.php
LV,Latvia,Yes,2021/09/22,151917,44%,56%,2021/09/22,2665,50%,50%,2021/09/22,2%,2%,1.29,https://spkc.gov.lv/lv/tavai-veselibai/aktualitate-par-jauno-koronavi
LB,Lebanon,Partial,2021/02/15,339122,54%,46%,2020/07/06,36,31%,69%,,,,,https://www.facebook.com/wholeb/photos/pcb.6378304115544172/6378303875544196
LS,Lesotho,No,,,,,,,,,,,,,https://www.gov.ls/nacosec/
LR,Liberia,Yes,2021/07/17,5396,65%,35%,2021/07/17,148,66%,34%,2021/07/17,3%,3%,1.04,https://covid19.who.int/region/afro/country/lr
LY,Libya,No,,,,,,,,,,,,,https://ncdc.org.ly/Ar/libyan-covid-19-dashboard/
LI,Liechtenstein,Partial,2021/09/20,3301,49%,51%,,,,,,,,,https://www.llv.li/inhalt/118804/amtsstellen/sonderseite-covid-19
LT,Lithuania,Yes,2021/09/21,314926,44%,56%,2021/09/21,4830,49%,51%,2021/09/21,2%,1%,1.23,https://experience.arcgis.com/experience/cab84dcfe0464c2a8050a78f817924ca/page/page_1/
LU,Luxembourg,Yes,2021/09/22,77552,50%,50%,2021/09/22,835,55%,45%,2021/09/22,1%,1%,1.22,https://covid19.public.lu/fr/graph.html
MG,Madagascar,No,,,,,,,,,,,,,https://www.facebook.com/orangeactu/photos/2990153011254826
MW,Malawi,Yes,2021/02/07,27422,59%,41%,2021/01/05,196,76%,24%,2021/01/05,3%,2%,1.5,https://covid19.health.gov.mw/?fbclid=IwAR3o91QivQRRhVl4Ra2dcvTU3moeeJAJFqfCtnFr3kqQP4C4BTv1-xSZweo
MY,Malaysia,Partial,,,,,2020/11/09,300,68%,32%,,,,,https://ukkdosm.github.io/covid-19
MV,Maldives,Yes,2021/09/21,83311,59%,41%,2021/09/21,229,60%,40%,2021/09/21,,,1.05,https://covid19.health.gov.mv/dashboard/
ML,Mali,Partial,2021/08/08,14642,67%,33%,,,,,,,,,https://www.humanitarianresponse.info/sites/www.humanitarianresponse.info/files/documents/files/mali_sitrep_covid-19_n166_du_8_aout_2021.pdf
MT,Malta,Partial,2020/07/22,674,60%,40%,,,,,,,,,https://deputyprimeminister.gov.mt/en/health-promotion/covid-19/Pages/covid-19-infographics.aspx
MR,Mauritania,Partial,2021/07/25,23467,59%,41%,,,,,,,,,https://www.sante.gov.mr/wp-content/uploads/2021/07/Mauritania-COVID-19-Situation-Report-2021-07-25AR.pdf
MU,Mauritius,No,,,,,,,,,,,,,https://covid19.mu/
MX,Mexico,Yes,2021/09/22,3596279,50%,50%,2021/09/22,273377,62%,38%,2021/09/22,9%,6%,1.63,https://coronavirus.gob.mx/datos/
MD,Moldova,Yes,2021/09/19,282650,41%,59%,2021/09/19,6605,49%,51%,2021/09/19,3%,2%,1.35,http://gismoldova.maps.arcgis.com/apps/opsdashboard/index.html#/d274da857ed345efa66e1fbc959b021b
MC,Monaco,No,,,,,,,,,,,,,https://www.gouv.mc/A-la-Une-du-Portail
MN,Mongolia,Partial,2020/11/10,374,70%,30%,,,,,,,,,https://covid19.mohs.mn/p/cat/post/57/
ME,Montenegro,Partial,2021/09/21,126837,49%,51%,2021/03/15,83685,49%,51%,,,,,https://www.ijzcg.me/
MA,Morocco,Yes,2020/07/18,17015,53%,47%,2020/09/21,1855,66%,34%,2020/07/18,3%,2%,1.8,http://www.covidmaroc.ma/pages/Accueilfr.aspx
MZ,Mozambique,Partial,2021/09/13,149259,49%,51%,,,,,,,,,https://www.misau.gov.mz/index.php/covid-19-boletins-diarios?download=1146:boletim-diario-covid-19-n-545
MM,Myanmar,Yes,2020/09/10,2265,53%,47%,2020/09/28,226,64%,36%,2020/09/01,1%,,3.84,https://datastudio.google.com/u/0/reporting/445c1281-c6ea-45e4-9bc0-5d561c511354/page/I44CB
NA,Namibia,No,,,,,,,,,,,,,https://www.facebook.com/photo?fbid=151087520548923&set=pcb.151087623882246
NP,Nepal,Yes,2021/09/21,782180,59%,41%,2021/09/06,10833,66%,34%,2021/09/06,2%,1%,1.32,"https://www.who.int/nepal/news/detail/01-07-2020-who-nepal-situation-update ; https://covid19.mohp.gov.np/?fbclid=IwAR2_KRxuwxtNk7K92UnPF9Y3IVqh9ZDOzgc3l946lZJiLwtdOlHp6v6BZP8"
NL,Netherlands,Yes,2021/09/20,1987815,48%,52%,2021/09/20,18128,55%,45%,2021/09/20,1%,1%,1.31,https://data.rivm.nl/meta/srv/eng/catalog.search#/metadata/2c4357c8-76e4-4662-9574-1deb8a73f724?tab=relations
NC,"New Caledonia",No,,,,,,,,,,,,,https://gouv.nc/coronavirus
NZ,"New Zealand",Yes,2021/09/22,4114,51%,49%,2021/09/22,27,52%,48%,2021/09/22,1%,1%,1.05,https://www.health.govt.nz/our-work/diseases-and-conditions/covid-19-novel-coronavirus/covid-19-data-and-statistics/covid-19-case-demographics
NI,Nicaragua,No,,,,,,,,,,,,,https://www.el19digital.com/Coronavirus/articulo/titulo:104282-conozca-el-informe-actualizado-de-la-situacion-de-la-covid-19-en-nicaragua
NE,Niger,No,,,,,,,,,,,,,https://coronavirus.ne/
NG,Nigeria,Yes,2021/08/08,160006,60%,40%,2021/08/08,1569,71%,29%,2021/08/08,1%,1%,1.62,https://ncdc.gov.ng/diseases/sitreps/?cat=14&name=An%20update%20of%20COVID-19%20outbreak%20in%20Nigeria
MK,"North Macedonia",Yes,2021/09/22,187618,50%,50%,2021/09/22,6509,62%,38%,2021/09/22,4%,3%,1.63,https://gdi-sk.maps.arcgis.com/apps/opsdashboard/index.html?fbclid=IwAR0Dd9MY7njiNtDkPpPt8R2SeD4pW_6TO12axwKrT4CcegckY4P4Ezt43f4#/2096bd4b051b42948ac3f5747e80c3a5
,"Northern Ireland",Yes,2021/09/22,230382,48%,52%,2021/09/23,2524,54%,46%,2021/09/23,1%,1%,1.28,https://app.powerbi.com/view?r=eyJrIjoiZGYxNjYzNmUtOTlmZS00ODAxLWE1YTEtMjA0NjZhMzlmN2JmIiwidCI6IjljOWEzMGRlLWQ4ZDctNGFhNC05NjAwLTRiZTc2MjVmZjZjNSIsImMiOjh9
NO,Norway,Yes,2021/09/22,183808,53%,47%,2021/09/22,850,54%,46%,2021/09/22,,,1.05,https://www.fhi.no/en/id/infectious-diseases/coronavirus/daily-reports/daily-reports-COVID19/
OM,Oman,No,,,,,,,,,,,,,https://www.moh.gov.om/en/press
PK,Pakistan,Yes,2020/08/18,289832,74%,26%,2020/08/18,6190,74%,26%,2020/08/18,2%,2%,1.01,http://covid.gov.pk/stats/pakistan
PS,Palestine,Partial,2021/09/22,322622,50%,50%,,,,,,,,,https://app.powerbi.com/view?r=eyJrIjoiODJlYWM1YTEtNDAxZS00OTFlLThkZjktNDA1ODY2OGQ3NGJkIiwidCI6ImY2MTBjMGI3LWJkMjQtNGIzOS04MTBiLTNkYzI4MGFmYjU5MCIsImMiOjh9
PA,Panama,Yes,2020/08/14,79402,54%,46%,2020/06/05,373,68%,32%,2020/06/05,3%,2%,1.47,http://minsa.b-cdn.net/sites/default/files/publicacion-general
PG,"Papua New Guinea",No,,,,,,,,,,,,,https://covid19.papua.go.id/#monitor
PY,Paraguay,Yes,2021/03/14,180014,48%,52%,2021/03/14,3476,61%,39%,2021/03/14,2%,1%,1.66,https://www.mspbs.gov.py/reporte-covid19.html
PE,Peru,Yes,2021/09/20,2168430,51%,49%,2021/09/20,199226,64%,36%,2021/09/20,11%,7%,1.67,https://www.datosabiertos.gob.pe/group/datos-abiertos-de-covid-19?sort_by=changed&f%5B0%5D=field_tags%3A913&f%5B1%5D=field_tags%3A489
PH,Philippines,Yes,2021/09/21,2401916,51%,49%,2021/09/21,37074,56%,44%,2021/09/21,2%,1%,1.26,https://ncovtracker.doh.gov.ph/
PL,Poland,Partial,,,,,2021/02/05,11451,57%,43%,,,,,https://docs.google.com/spreadsheets/d/1ierEhD6gcq51HAm433knjnVwey4ZE5DCnu1bW7PRG3E/htmlview?fbclid=IwAR3diFvPqpkq0Kam18jvA9Y2uxq8ihE0DGeynwPJSlwtOeTCcWgGHgK47AM#
PT,Portugal,Yes,2021/09/22,1063252,46%,54%,2021/09/22,17933,52%,48%,2021/09/22,2%,1%,1.28,https://covid19.min-saude.pt/ponto-de-situacao-atual-em-portugal/
QA,Qatar,Partial,2020/07/01,110986,85%,15%,,,,,,,,,https://covid19.moph.gov.qa/EN/Pages/default.aspx
IE,"Republic of Ireland",Yes,2021/09/18,375259,49%,51%,2021/09/18,5193,53%,47%,2021/09/18,1%,1%,1.17,https://www.hpsc.ie/a-z/respiratory/coronavirus/novelcoronavirus/surveillance/epidemiologyofcovid-19inirelandweeklyreports/COVID-19%20Weekly%20Report_Slidset_HPSC_%20Week_18_WEB_20210511.pdf
RO,Romania,Yes,2021/09/19,1152052,46%,54%,2021/09/19,35592,57%,43%,2021/09/19,4%,2%,1.57,https://www.cnscbt.ro/index.php/analiza-cazuri-confirmate-covid19/2702-raport-saptamanal-episaptamana37-2021/file
RU,Russia,No,,,,,,,,,,,,,https://xn--80aesfpebagmfblc0a.xn--p1ai/
RW,Rwanda,Yes,2021/09/21,95503,49%,51%,2021/09/21,1215,55%,45%,2021/09/21,1%,1%,1.28,https://gis.rbc.gov.rw/portal/apps/opsdashboard/index.html#/59872985985446bbaf8c394ad857c5cd
KN,"Saint Kitts and Nevis",No,,,,,,,,,,,,,https://covid19.gov.kn/
LC,"Saint Lucia",Yes,2021/09/17,10237,45%,55%,2021/03/08,39,87%,13%,2021/01/31,2%,,6.73,https://www.covid19response.lc/
VC,"Saint Vincent and the Grenadines",No,,,,,,,,,,,,,http://health.gov.vc/health/index.php/c/1319-covid-19-report-as-at-30th-january-2021
SM,"San Marino",No,,,,,,,,,,,,,http://www.iss.sm/on-line/home/archivio-ufficio-stampa-iss.html
SAO,"Sao Tome and Principe",No,,,,,,,,,,,,,https://web.facebook.com/MSaudeSTeP/
SA,"Saudi Arabia",Partial,2020/05/26,76726,75%,25%,,,,,,,,,https://twitter.com/SaudiMOH/status/1417100659174879233
,Scotland,Yes,2021/09/19,535527,48%,52%,2021/09/19,10826,51%,49%,2021/09/19,2%,2%,1.13,https://www.opendata.nhs.scot/dataset/weekly-covid-19-statistical-data-in-scotland
SN,Senegal,Partial,2021/06/14,41713,57%,43%,,,,,,,,,https://sante.gouv.sn/sites/default/files/SITREP%20112%20Covid-19%2013-09-2021.pdf
RS,Serbia,Partial,,,,,2020/05/03,193,62%,38%,,,,,https://covid19.data.gov.rs/
SC,Seychelles,No,,,,,,,,,,,,,http://www.health.gov.sc/index.php/press-release-blog/press-update/
SL,"Sierra Leone",Partial,2021/09/21,6393,59%,41%,,,,,,,,,http://dhse.gov.sl/
SG,Singapore,Partial,2020/05/05,6530,89%,11%,,,,,,,,,https://www.moh.gov.sg/covid-19/situation-report
SX,"Sint Maarten",No,,,,,,,,,,,,,http://www.sintmaartengov.org/government/VSA/Health-Updates/NOVELCORONAVIRUS/Pages/Current-Situation.aspx
SK,Slovakia,Yes,2021/09/20,403802,48%,52%,2021/07/16,12455,54%,46%,2021/06/15,4%,3%,1.27,https://github.com/Institut-Zdravotnych-Analyz/covid19-data
SI,Slovenia,Yes,2021/09/22,287176,47%,53%,2021/09/19,4824,49%,51%,2021/08/15,2%,2%,1.07,https://www.nijz.si/sl/dnevno-spremljanje-okuzb-s-sars-cov-2-covid-19
SO,Somalia,Partial,2021/09/22,19235,71%,29%,,,,,,,,,http://moh.gov.so/en/covid19/
ZA,"South Africa",Yes,2021/09/22,2857730,43%,57%,2021/09/22,91959,48%,52%,2021/09/22,4%,3%,1.23,https://www.nicd.ac.za/diseases-a-z-index/disease-index-covid-19/surveillance-reports/national-covid-19-daily-report/
KR,"South Korea",Yes,2021/09/21,289263,52%,48%,2021/09/21,2413,50%,50%,2021/09/21,1%,1%,0.92,http://ncov.mohw.go.kr/bdBoardList_Real.do?brdId=1&brdGubun=11&ncvContSeq=&contSeq=&board_id=&gubun=
SS,"South Sudan",Partial,2020/12/13,3074,75%,25%,,,,,,,,,https://moh.gov.ss/daily_updates.php
ES,Spain,Yes,2021/09/22,4932891,48%,52%,2021/09/22,85832,55%,45%,2021/09/22,2%,2%,1.33,https://cnecovid.isciii.es/covid19/#documentaci%C3%B3n-y-datos
LK,"Sri Lanka",No,,,,,,,,,,,,,https://hpb.health.gov.lk/covid19-dashboard/
SD,Sudan,No,,,,,,,,,,,,,http://www.fmoh.gov.sd/index.php
SR,Suriname,No,,,,,,,,,,,,,https://covid-19.sr/
SE,Sweden,Yes,2021/09/22,1147876,49%,51%,2021/09/23,14813,55%,45%,2021/09/23,1%,1%,1.25,https://fohm.maps.arcgis.com/apps/opsdashboard/index.html#/68d4537bf2714e63b646c37f152f1392
CH,Switzerland,Yes,2021/09/22,830013,48%,52%,2021/09/22,10643,54%,46%,2021/09/22,1%,1%,1.26,https://www.bag.admin.ch/bag/fr/home/krankheiten/ausbrueche-epidemien-pandemien/aktuelle-ausbrueche-epidemien/novel-cov/situation-schweiz-und-international.html#1164290551
SY,Syria,No,,,,,,,,,,,,,https://app.powerbi.com/view?r=eyJrIjoiNTA0NWMxZmYtMDJiMC00ZWU0LTllNTktZTViZjYwYThjZmUzIiwidCI6ImY2MTBjMGI3LWJkMjQtNGIzOS04MTBiLTNkYzI4MGFmYjU5MCIsImMiOjh9
TW,Taiwan,Yes,2021/09/21,16152,51%,49%,2021/04/20,11,82%,18%,2021/04/20,2%,,4.27,https://data.cdc.gov.tw/en/dataset/aagsdctable-day-19cov
TJ,Tajikistan,No,,,,,,,,,,,,,https://covid.tj/#charts
TZ,Tanzania,No,,,,,,,,,,,,,https://covid19.who.int/region/afro/country/tz
TH,Thailand,Yes,2020/11/01,3784,56%,44%,2021/04/01,93,75%,25%,2020/11/01,2%,1%,2.49,https://ddc.moph.go.th/viralpneumonia/eng/file/situation/situation-no585-160864.pdf
TL,Timor-Leste,No,,,,,,,,,,,,,https://covid19.gov.tl/en/dashboard/
TG,Togo,No,,,,,,,,,,,,,https://covid19.gouv.tg/situation-au-togo/
TT,"Trinidad and Tobago",No,,,,,,,,,,,,,https://experience.arcgis.com/experience/59226cacd2b441c7a939dca13f832112/
TN,Tunisia,Yes,2021/01/10,162350,44%,56%,2021/01/10,5310,66%,34%,2021/01/10,5%,2%,2.47,https://www.onmne.tn/?p=10636
TR,Turkey,Yes,2020/10/25,362800,51%,49%,2020/10/25,9799,62%,38%,2020/10/25,3%,2%,1.56,https://covid19.saglik.gov.tr/TR-66935/genel-koronavirus-tablosu.html
TC,"Turks and Caicos",No,,,,,,,,,,,,,https://www.gov.tc/moh/coronavirus/covid-dashboard/1108-tci-covid-19-dashboard-july-19-2021
AE,UAE,No,,,,,,,,,,,,,https://covid19.ncema.gov.ae/en
US,USA,Yes,2021/09/20,32683710,48%,52%,2021/09/15,658754,55%,45%,2021/09/09,2%,2%,0.77,https://data.cdc.gov/Case-Surveillance/COVID-19-Case-Surveillance-Public-Use-Data/vbim-akqf
UG,Uganda,Yes,2021/07/09,48646,61%,39%,2021/07/09,364,69%,31%,2021/07/09,1%,1%,1.43,https://covid19.gou.go.ug/statistics.html
UA,Ukraine,Yes,2021/09/24,2379483,40%,60%,2021/09/22,55424,53%,47%,2021/09/22,3%,2%,1.69,https://phc.org.ua/kontrol-zakhvoryuvan/inshi-infekciyni-zakhvoryuvannya/koronavirusna-infekciya-covid-19
UY,Uruguay,No,,,,,,,,,,,,,https://www.gub.uy/sistema-nacional-emergencias/comunicacion/noticias/informacion-interes-actualizada-sobre-coronavirus-covid-19-uruguay
UZ,Uzbekistan,No,,,,,,,,,,,,,https://coronavirus.uz/en
VE,Venezuela,Partial,2021/09/22,358462,51%,49%,,,,,,,,,https://covid19.patria.org.ve/estadisticas-venezuela/
VN,Vietnam,Yes,2021/09/12,475831,48%,52%,2021/07/11,86,43%,57%,2021/07/11,,,0.96,https://www.who.int/vietnam/internal-publications-detail
,Wales,Yes,2021/09/22,335046,46%,54%,2021/09/22,5837,56%,44%,2021/09/22,2%,1%,1.48,https://public.tableau.com/profile/public.health.wales.health.protection#!/vizhome/RapidCOVID-19virology-Public/Headlinesummary
YE,Yemen,Yes,2021/05/20,6617,64%,36%,2021/05/20,1256,70%,30%,2021/05/20,21%,16%,1.31,https://twitter.com/YSNECCOVID19
ZM,Zambia,No,,,,,,,,,,,,,https://www.facebook.com/mohzambia/
ZW,Zimbabwe,Yes,2020/12/12,11219,55%,45%,2020/12/12,307,62%,38%,2020/12/12,3%,2%,1.33,http://www.mohcc.gov.zw/index.php?option=com_phocadownload&view=category&id=15&Itemid=742
